time,open,high,low,close,INTSUM,INT,Plot,,Plot,Plot,,,,
1614509730,215.0289,215.0974,214.9852,215.0338,NaN,NaN,NaN,0.5280217324664545,0.25955274471093437,0.7964907202219746,NaN,0.40214406193956204,NaN,0.5
1614509760,215.0311,215.372,214.8757,215.1114,NaN,NaN,NaN,0.4555069652159606,0.32503123097753006,0.5859826994543912,NaN,0.3612753949707938,NaN,0.5
1614509790,215.1004,215.2714,215.0883,215.1951,NaN,NaN,NaN,0.44255100451649687,0.4430423250655594,0.44205968396743434,0.44255100451649687,0.33062957731714093,NaN,0.5
1614509820,215.2229,215.4352,215.1861,215.4136,NaN,NaN,NaN,0.39267356754922733,0.7734992206482334,0.011847914450221257,NaN,0.38720987344366836,NaN,0.5
1614509850,215.3966,215.4239,215.2203,215.3461,NaN,NaN,NaN,0.41779572297011713,0.6578685567968644,0.1777228891433698,NaN,0.4390382317934626,NaN,0.5
1614509880,215.346,215.346,214.9057,214.9646,NaN,NaN,NaN,0.38699368513403964,0.245269313147474,0.5287180571206053,0.38699368513403964,0.3944298463174633,NaN,0.5
1614509910,214.9579,215.1012,214.8662,214.9616,NaN,NaN,NaN,0.40626304279213415,0.21481877470672317,0.5977073108775451,NaN,0.3610178064026263,0.5,NaN
1614509940,214.9607,214.9996,214.7848,214.8754,NaN,NaN,NaN,0.4187571265912463,0.09446645602560129,0.7430477971568913,NaN,0.3303743555322039,NaN,0.5
1614509970,214.9007,214.9999,214.256,214.532,NaN,NaN,NaN,0.5,0,1,NaN,0.2966256081317623,NaN,0.5
1614510000,214.4675,214.6296,214.2939,214.5446,NaN,NaN,NaN,0.4858006564725955,0.027474726467786734,0.9441265864774043,NaN,0.2713814423438481,NaN,0.5
1614510030,214.5449,214.7917,214.5387,214.6858,NaN,NaN,NaN,0.40841536430691205,0.23782358100907341,0.5790071476047507,NaN,0.24823912623291264,NaN,0.5
1614510060,214.6858,215,214.6386,214.8529,NaN,NaN,NaN,0.41487672914484663,0.369757428041995,0.4599960302476982,NaN,0.2227741014685195,NaN,0.5
1614510090,214.8529,215,214.5001,214.9636,NaN,NaN,NaN,0.4006696955913849,0.47922299140725005,0.3221163997755197,0.4006696955913849,0.19985406238749695,NaN,0.5
1614510120,214.9296,214.9961,214.6852,214.6853,NaN,NaN,NaN,0.3135552301996566,0.3506083131370556,0.27650214726225764,NaN,0.18260906991248144,NaN,0.5
1614510150,214.7302,214.7928,214.5,214.6302,NaN,NaN,NaN,0.3106831729417323,0.3040424854699165,0.31732386041354804,0.3106831729417323,0.16683530226103524,NaN,0.5
1614510180,214.6883,214.6883,214.25,214.2721,NaN,NaN,NaN,0.33506351114262395,0,0.6701270222852479,NaN,0.14942241561899874,NaN,0.5
1614510210,214.3207,214.3395,213.6272,213.7,NaN,NaN,NaN,0.5,0,1,NaN,0.13372929002706727,NaN,0.5
1614510240,213.6958,213.8519,213.5238,213.6451,NaN,NaN,NaN,0.5,0,1,NaN,0.12208046918273802,NaN,0.5
1614510270,213.6414,213.6885,213.3758,213.5078,NaN,NaN,NaN,0.46208849619733017,0,0.9241769923946603,NaN,0.11134884863948029,NaN,0.5
1614510300,213.481,213.9556,213.4804,213.6605,NaN,NaN,NaN,0.4497579372939725,0.08717185992579511,0.8123440146621499,NaN,0.09956268084100699,NaN,0.5
1614510330,213.6659,214.1538,213.6659,214.0884,NaN,NaN,NaN,0.3773020653218164,0.3662544608057908,0.3883496698378421,NaN,0.08904217948310306,NaN,0.5
1614510360,214.0938,214.2502,213.72,214.1311,NaN,NaN,NaN,0.270555513272819,0.48549266205419755,0.05561836449144043,0.270555513272819,0.07949039753927627,NaN,0.5
1614510390,214.112,214.2475,213.9161,213.9521,NaN,NaN,NaN,0.2631294143693841,0.40340031993588193,0.1228585088028862,NaN,0.07229922422497159,NaN,0.5
1614510420,213.9426,214.6328,213.9426,214.469,NaN,NaN,NaN,0.3455182993216196,0.6910365986432392,0,NaN,0.16609902309242183,NaN,0.5
1614510450,214.469,215.0338,214.469,214.8456,NaN,NaN,NaN,0.4287672577044448,0.8575345154088896,0,NaN,0.25049407060591994,NaN,0.5
1614510480,214.8553,215.4341,214.8552,215.2381,NaN,NaN,NaN,0.4996549753790925,0.9850864923545901,0.01422345840359485,NaN,0.3264424436793112,NaN,0.5
1614510510,215.2327,215.4767,215.1734,215.4767,NaN,NaN,NaN,0.5,1,0,NaN,0.3833545857086291,NaN,0.5
1614510540,215.4708,215.7083,215.3775,215.5622,NaN,NaN,NaN,0.5,1,0,NaN,0.43552328782588634,0.5,NaN
1614510570,215.4976,215.7384,215.3991,215.4511,NaN,NaN,NaN,0.545902354389271,0.8762186185038844,0.21558609027465764,NaN,0.48332119021533104,NaN,0.5
1614510600,215.42,215.4337,214.9104,215.0561,NaN,NaN,NaN,0.564586149305246,0.6495632170235094,0.47960908158698246,NaN,0.5358810104413965,0.5,NaN
1614510630,215.098,215.2996,214.9635,215.0541,NaN,NaN,NaN,0.6030158756245629,0.5917993423648964,0.6142324088842295,0.6030158756245629,0.5753217462827585,0.5,NaN
1614510660,215.0242,215.0242,214.5455,214.7415,NaN,NaN,NaN,0.6116868298502727,0.4214574628034564,0.801916196897089,NaN,0.5171018114379028,0.5,NaN
1614510690,214.662,215.204,214.6045,215.144,NaN,NaN,NaN,0.6389992234697229,0.583961818772099,0.6940366281673469,NaN,0.5663618023096256,0.5,NaN
1614510720,215.2025,215.5006,215.0955,215.4518,NaN,NaN,NaN,0.6425410593698309,0.7338479351330054,0.5512341836066563,0.6425410593698309,0.6032884309187119,NaN,NaN
1614510750,215.4309,215.5597,215.1959,215.2786,NaN,NaN,NaN,0.5956573911846019,0.7158045385106694,0.4755102438585345,NaN,0.6371038716079984,0.5,NaN
1614510780,215.2437,215.4447,215.181,215.402,NaN,NaN,NaN,0.6012201528073541,0.7697769210792272,0.432663384535481,NaN,0.6681238372037792,0.5,NaN
1614510810,215.3966,215.4994,215.2461,215.2776,NaN,NaN,NaN,0.564680651540733,0.7610494095380486,0.36831189354341753,NaN,0.6965417194831343,0.5,NaN
1614510840,215.2667,215.5775,215.2325,215.5667,NaN,NaN,NaN,0.6177383160728783,0.8283828171153841,0.4070938150303725,NaN,0.7226171313469745,0.5,NaN
1614510870,215.5667,215.666,215.4571,215.5674,NaN,NaN,NaN,0.6480170134192256,0.7840176823560001,0.512016344482451,NaN,0.7465020951077811,0.5,NaN
1614510900,215.6219,216.1497,215.5998,216.0437,NaN,NaN,NaN,0.6449676555616441,1,0.2899353111232883,NaN,0.7728097783552742,0.5,NaN
1614510930,216.0467,216.168,215.8413,216.0144,NaN,NaN,NaN,0.6560030604162183,0.9697986046499988,0.3422075161824378,NaN,0.7925014393476888,0.5,NaN
1614510960,216.0395,216.2772,215.8891,215.9959,NaN,NaN,NaN,0.6428151254378011,0.9796705269328921,0.30595972394271,NaN,0.8105616347390202,0.5,NaN
1614510990,216.0049,216.0178,215.6176,215.7095,NaN,NaN,NaN,0.6592430089852517,0.8157566683171145,0.5027293496533888,NaN,0.8304215230144585,0.5,NaN
1614511020,215.6992,216,215.457,215.4625,NaN,NaN,NaN,0.6486224414400584,0.7099855839014232,0.5872592989786937,NaN,0.8482928305981932,0.5,NaN
1614511050,215.4679,215.7094,215.2235,215.2792,NaN,NaN,NaN,0.6878587236419323,0.5638368933474108,0.8118805539364539,0.6878587236419323,0.7628013373284043,0.5,NaN
1614511080,215.247,216.2582,215.247,216.179,NaN,NaN,NaN,0.7240281303762539,0.952770969037332,0.4952852917151759,0.7240281303762539,0.7874957945103779,0.5,NaN
1614511110,216.133,216.5432,215.9815,216.4155,NaN,NaN,NaN,0.7040771217459623,1,0.40815424349192464,NaN,0.809681360367196,NaN,0.5
1614511140,216.3884,216.7346,216.3388,216.6495,NaN,NaN,NaN,0.6150100158353298,1,0.23002003167065957,NaN,0.8263118232067657,0.5,NaN
1614511170,216.697,216.95,216.6497,216.7171,NaN,NaN,NaN,0.5610619211941043,1,0.12212384238820857,NaN,0.8415573952141093,0.5,NaN
1614511200,216.7172,217.19,216.7172,216.9843,NaN,NaN,NaN,0.5,1,0,NaN,0.8583420095805103,0.5,NaN
1614511230,216.9966,217.5332,216.9674,217.3085,NaN,NaN,NaN,0.608120833801678,1,0.21624166760335609,NaN,0.8734419190807475,0.5,NaN
1614511260,217.302,217.5656,217.1007,217.5537,NaN,NaN,NaN,0.6152823019276771,1,0.2305646038553542,NaN,0.8847561876199236,0.5,NaN
1614511290,217.5536,218.4593,217.4259,218.2719,NaN,NaN,NaN,0.516843395272997,1,0.03368679054599415,NaN,0.8972313790927987,0.5,NaN
1614511320,218.2593,218.5,218.2021,218.4725,NaN,NaN,NaN,0.5,1,0,NaN,0.9065593279890527,0.5,NaN
1614511350,218.4725,218.5,218.1178,218.3007,NaN,NaN,NaN,0.548073793081977,0.9211020190736519,0.17504556709030228,NaN,0.9151116152728869,0.5,NaN
1614511380,218.2555,218.2636,217.65,217.665,NaN,NaN,NaN,0.6266202210038162,0.6966700361885885,0.5565704058190439,NaN,0.9245160830326604,0.5,NaN
1614511410,217.6513,217.8405,216.6747,216.908,NaN,NaN,NaN,0.6985926343627828,0.444066564950257,0.9531187037753087,0.6985926343627828,0.9329730305293459,0.5,NaN
1614511440,216.9081,217.4691,216.8114,217.2873,NaN,NaN,NaN,0.7431694619790681,0.48633892395813616,1,NaN,0.9406060006774092,0.5,NaN
1614511470,217.2521,217.4691,217.1969,217.337,NaN,NaN,NaN,0.740620505055338,0.48124101011067605,1,NaN,0.9463246487051494,0.5,NaN
1614511500,217.3105,217.9348,217.3105,217.9005,NaN,NaN,NaN,0.707447852085588,0.6679882883653231,0.746907415805853,NaN,0.9526254799015054,0.5,NaN
1614511530,217.8406,218.1,217.7785,217.9496,NaN,NaN,NaN,0.6285115211683289,0.7465969864784859,0.5104260558581718,0.6285115211683289,0.9573416591222306,0.5,NaN
1614511560,217.9943,217.9943,217.4193,217.4618,NaN,NaN,NaN,0.5464867460602502,0.6757142995657152,0.4172591925547852,NaN,0.9625277692759386,0.5,NaN
1614511590,217.4618,217.4784,217.0323,217.2068,NaN,NaN,NaN,0.5986676576782345,0.560737158459416,0.636598156897053,0.5986676576782345,0.9664177062406907,0.5,NaN
1614511620,217.2482,217.3203,216.136,216.605,NaN,NaN,NaN,0.5811876582871883,0.30115706856068497,0.8612182480136917,NaN,0.8691327084267298,0.5,NaN
1614511650,216.6049,216.8764,216.1959,216.6462,NaN,NaN,NaN,0.6260327968113286,0.2520655936226571,1,NaN,0.7815776985991583,0.5,NaN
1614511680,216.5292,218.048,216.493,217.6262,NaN,NaN,NaN,0.6341190323257797,0.5760609405951456,0.6921771240564139,NaN,0.8043936822922311,0.5,NaN
1614511710,217.6147,218.1318,217.3743,218.0367,NaN,NaN,NaN,0.5814566666068984,0.7690339289157929,0.3938794042980039,0.5814566666068984,0.8248961047629448,NaN,NaN
1614511740,218.0312,218.133,217.7076,217.817,NaN,NaN,NaN,0.5529172710998754,0.7237026026840673,0.3821319395156835,NaN,0.8402424357888068,0.5,NaN
1614511770,217.8193,217.8453,217.4157,217.4339,NaN,NaN,NaN,0.4858303778905372,0.6623517169229938,0.30930903885808064,NaN,0.854312346480867,0.5,NaN
1614511800,217.4783,217.8771,217.4711,217.8654,NaN,NaN,NaN,0.4911761364064287,0.8031849989019295,0.17916727391092788,NaN,0.8672351544434104,0.5,NaN
1614511830,217.87,218.1625,217.8086,218.1508,NaN,NaN,NaN,0.5997980497606364,0.788980978250626,0.4106151212706469,NaN,0.8790760999022929,0.5,NaN
1614511860,218.1508,218.1994,217.5888,217.7164,NaN,NaN,NaN,0.6438999830380261,0.5966501099911655,0.6911498560848868,0.6438999830380261,0.8920832928547123,0.5,NaN
1614511890,217.6288,217.6853,217.1228,217.2026,NaN,NaN,NaN,0.6184821651300613,0.4484191579279455,0.788545172332177,NaN,0.8171887042439455,0.5,NaN
1614511920,217.1971,217.2378,217.0187,217.0469,NaN,NaN,NaN,0.5760925169749171,0.4389352149066301,0.7132498190432041,NaN,0.7485433065285018,0.5,NaN
1614511950,217.0469,217.12,216.3523,216.4246,NaN,NaN,NaN,0.5907699728825622,0.18153994576512428,1,NaN,0.673011779776372,0.5,NaN
1614511980,216.4246,217.0151,216.3523,216.7518,NaN,NaN,NaN,0.6233223965418189,0.25962597654225505,0.9870188165413827,NaN,0.605087871175194,NaN,0.5
1614512010,216.7518,217.0193,216.4765,216.8886,NaN,NaN,NaN,0.5100854376394608,0.21082168124791478,0.8093491940310068,NaN,0.5541369624006339,NaN,0.5
1614512040,216.841,216.9999,216.5996,216.9628,NaN,NaN,NaN,0.4687719096129739,0.3115792117752458,0.6259646074507019,NaN,0.5074178159667475,NaN,NaN
1614512070,216.9628,217.6254,216.9628,217.4036,NaN,NaN,NaN,0.4768298424459323,0.5142388614137274,0.43942082347813716,0.4768298424459323,0.5576461964798533,NaN,NaN
1614512100,217.3805,217.528,216.6,216.7124,NaN,NaN,NaN,0.38812765692572737,0.31526137186841346,0.4609939419830412,0.38812765692572737,0.5011588513249438,NaN,NaN
1614512130,216.6872,216.8259,216.5,216.6454,NaN,NaN,NaN,0.4135584228281679,0.24282603733581523,0.5842908083205206,NaN,0.4588542830520407,NaN,NaN
1614512160,216.6343,216.927,216.5044,216.7971,NaN,NaN,NaN,0.43304820899571217,0.2864619111720596,0.5796345068193647,NaN,0.42008495964321796,NaN,0.5
1614512190,216.7285,216.872,216.5126,216.7091,NaN,NaN,NaN,0.4352100234489102,0.24011464569964436,0.630305401198176,NaN,0.3845212335829305,NaN,0.5
1614512220,216.7091,217.3552,216.7045,217.3524,NaN,NaN,NaN,0.5056399067921258,0.4442408097994983,0.5670390037847532,NaN,0.44707775174031256,NaN,0.5
1614512250,217.2257,217.653,216.9252,217.4871,NaN,NaN,NaN,0.4514909065859487,0.5945878057653277,0.3083940074065698,0.4514909065859487,0.5033117900730207,NaN,0.5
1614512280,217.4758,217.5085,216.913,217,NaN,NaN,NaN,0.401122528699438,0.45197269339042373,0.3502723640084522,NaN,0.45226401654936493,NaN,0.5
1614512310,217.0053,217.0534,216.6154,216.8629,NaN,NaN,NaN,0.4322072356241239,0.4293008194693497,0.43511365177889805,0.4322072356241239,0.4140147718611712,NaN,0.5
1614512340,216.8629,217.1045,216.6502,216.6624,NaN,NaN,NaN,0.4070223965282218,0.3366144264851062,0.4774303665713375,NaN,0.37894487667237964,NaN,NaN
1614512370,216.6501,216.9231,216.6236,216.7965,NaN,NaN,NaN,0.4809665190371734,0.293242082348692,0.6686909557256548,NaN,0.3468337361520325,NaN,0.5
1614512400,216.7902,217.1858,216.7564,216.9213,NaN,NaN,NaN,0.5044585466940882,0.3365118858288217,0.6724052075593547,NaN,0.31739578481150726,NaN,0.5
1614512430,216.9358,217.0353,216.8054,216.9461,NaN,NaN,NaN,0.4589336769277218,0.43772946204724833,0.48013789180819527,NaN,0.2903978761051043,NaN,0.5
1614512460,216.9406,217.0552,216.9,216.9396,NaN,NaN,NaN,0.4449848410944486,0.45895721496211545,0.43101246722678177,0.4449848410944486,0.2656456135822392,NaN,0.5
1614512490,216.9572,217.0053,216.9,216.905,NaN,NaN,NaN,0.4224997954805944,0.47643338336319224,0.3685662075979966,NaN,0.24295245567645454,NaN,0.5
1614512520,216.9048,217,216.8,216.9657,NaN,NaN,NaN,0.4406426044100727,0.48508467771963626,0.3962005311005091,NaN,0.22216316385153337,NaN,0.5
1614512550,216.9498,217.2061,216.9002,217.1855,NaN,NaN,NaN,0.471014059958455,0.5815957854561398,0.3604323344607702,NaN,0.2877874140057103,NaN,0.5
1614512580,217.1855,217.2004,216.8554,216.9554,NaN,NaN,NaN,0.454430890820627,0.4524929903743214,0.4563687912669326,0.454430890820627,0.2632214950234362,NaN,0.5
1614512610,216.9267,217.0105,216.5,216.7253,NaN,NaN,NaN,0.4347599943341589,0.3290878344003258,0.5404321542679921,NaN,0.23620141331983138,NaN,0.5
1614512640,216.7206,217.3,216.5439,217.2636,NaN,NaN,NaN,0.47586372983140746,0.626852912743324,0.32487454691949086,0.47586372983140746,0.31360259238303106,NaN,NaN
1614512670,217.2944,217.4548,217.155,217.4455,NaN,NaN,NaN,0.4968179242313957,0.7144364221273819,0.27919942633540945,NaN,0.37158981047543044,NaN,0.5
1614512700,217.3939,217.9895,217.3578,217.8719,NaN,NaN,NaN,0.5535189515871203,0.9057553600470222,0.2012825431272184,NaN,0.4354278874885917,NaN,0.5
1614512730,217.9087,217.9896,217.697,217.8555,NaN,NaN,NaN,0.5295789187732947,0.9385482195762949,0.12060961797029442,NaN,0.48322490382420763,NaN,0.5
1614512760,217.8433,218,217.3322,217.4011,NaN,NaN,NaN,0.4236624847476909,0.7510405852667823,0.0962843842285995,NaN,0.535785437366532,NaN,0.5
1614512790,217.3912,217.6448,217.1429,217.5156,NaN,NaN,NaN,0.5111164665039347,0.7442937221323216,0.27793921087554785,NaN,0.5831427289401184,NaN,0.5
1614512820,217.5013,217.5624,217.1865,217.2202,NaN,NaN,NaN,0.5104888615136618,0.5388756845224103,0.48210203850491334,NaN,0.5339677883808072,NaN,0.5
1614512850,217.2042,217.238,216.8829,217.0835,NaN,NaN,NaN,0.5503226594909398,0.3782559666512134,0.7223893523306664,0.5503226594909398,0.4889092738322927,NaN,0.5
1614512880,217.0454,217.0648,216.6145,216.8311,NaN,NaN,NaN,0.5294438232547668,0.23597793909361833,0.8229097074159153,NaN,0.4393320302026601,NaN,0.5
1614512910,216.8708,216.9311,216.7055,216.7647,NaN,NaN,NaN,0.4218676046550753,0.17425763600666025,0.6694775733034903,NaN,0.4021769966053738,NaN,0.5
1614512940,216.7671,217.3353,216.7193,217.016,NaN,NaN,NaN,0.4764524856721164,0.22472102712242187,0.728183944221811,NaN,0.36132490796785427,NaN,0.5
1614512970,217.038,217.1,216.9025,216.9026,NaN,NaN,NaN,0.42356136977477377,0.21335810003562167,0.6337646395139258,NaN,0.3306550365976409,NaN,0.5
1614513000,216.9026,216.9352,216.7816,216.8096,NaN,NaN,NaN,0.3943029762500141,0.17752411073733226,0.6110818417626959,NaN,0.30254068104427684,NaN,0.5
1614513030,216.8096,216.8307,216.6361,216.7285,NaN,NaN,NaN,0.35095038939286854,0.17977730543638107,0.522123473349356,NaN,0.27677106919732075,NaN,0.5
1614513060,216.7607,217,216.6576,216.987,NaN,NaN,NaN,0.37246204129516014,0.3917186131284433,0.35320546946187703,0.37246204129516014,0.25319159189269724,NaN,0.5
1614513090,216.9862,217,216.8251,216.996,NaN,NaN,NaN,0.40721680523337034,0.335230523954435,0.4792030865123057,0.40721680523337034,0.23154180720439332,NaN,0.5
1614513120,216.9791,217.4108,216.95,217.2014,NaN,NaN,NaN,0.4161645228852524,0.5189332242921919,0.3133958214783129,0.4161645228852524,0.30934823181999094,NaN,0.5
1614513150,217.2013,217.2129,216.8,216.9884,NaN,NaN,NaN,0.3786499087130073,0.3814636909680695,0.3758361264579452,NaN,0.27771761059756506,NaN,0.5
1614513180,216.9412,216.9884,216.8,216.8102,NaN,NaN,NaN,0.3468159323335307,0.2672963264696908,0.4263355381973705,0.3468159323335307,0.25400286298371333,NaN,0.5
1614513210,216.8146,217.1646,216.8,216.8901,NaN,NaN,NaN,0.39086392379282286,0.26256565901247353,0.5191621885731722,NaN,0.227949366394555,NaN,0.5
1614513240,216.8899,217,216.8002,216.8826,NaN,NaN,NaN,0.39118639799593036,0.25463865396652013,0.5277341420253405,NaN,0.20840634179011208,NaN,0.5
1614513270,216.8727,216.9726,216.7078,216.8807,NaN,NaN,NaN,0.41846367702203324,0.2015538259633973,0.6353735280806692,NaN,0.19048817060580453,NaN,0.5
1614513300,216.8663,217.2504,216.8056,217.188,NaN,NaN,NaN,0.42610206026242836,0.4871884794722945,0.3650156410525622,0.42610206026242836,0.2752967649915289,NaN,0.5
1614513330,217.1885,217.5,217.0818,217.3693,NaN,NaN,NaN,0.42347189111198236,0.6691099083109529,0.1778338739130119,NaN,0.3497894268183849,NaN,0.5
1614513360,217.4172,217.4172,216.9628,217.3486,NaN,NaN,NaN,0.43177588719720433,0.6333070322735094,0.2302447421208993,NaN,0.4167980652714214,NaN,0.5
1614513390,217.3483,217.3986,217,217.0557,NaN,NaN,NaN,0.39635488234044225,0.41390856702463436,0.3788011976562501,NaN,0.3744084065429993,NaN,0.5
1614513420,217.0506,217.1831,216.8,216.8206,NaN,NaN,NaN,0.3684394163244549,0.23683704918332857,0.5000417834655813,0.3684394163244549,0.33626867240109276,NaN,0.5
1614513450,216.8206,216.8345,216.6639,216.7076,NaN,NaN,NaN,0.39625604752696275,0.07428552246727049,0.718226572586655,NaN,0.30768541390208853,NaN,0.5
1614513480,216.7075,217.1834,216.7034,216.9786,NaN,NaN,NaN,0.45247294425631424,0.23324837809172635,0.6716975104209021,NaN,0.27628269772878983,NaN,0.5
1614513510,216.9572,217.1317,216.7034,216.9428,NaN,NaN,NaN,0.4454816073997373,0.21143168207951907,0.6795315327199555,NaN,0.2479798715600298,NaN,0.5
1614513540,216.9484,217.2161,216.8506,217.1103,NaN,NaN,NaN,0.42598877463448914,0.4115519661841547,0.4404255830848236,NaN,0.325203298271514,NaN,0.5
1614513570,217.1025,217.1025,216.0808,216.5005,NaN,NaN,NaN,0.32268133521769227,0.010300756004318533,0.635061914431066,NaN,0.29192711756807377,NaN,0.5
1614513600,216.5469,216.7739,216.3266,216.5845,NaN,NaN,NaN,0.31744952254783226,0.10212596250668068,0.5327730825889838,NaN,0.2620868629100993,NaN,0.5
1614513630,216.5564,216.5847,216,216.0042,NaN,NaN,NaN,0.4870634101142973,0,0.9741268202285946,NaN,0.23512754581472406,NaN,0.5
1614513660,216.022,216.5,216.0044,216.4997,NaN,NaN,NaN,0.48577000457756625,0.27265962562253176,0.6988803835326007,NaN,0.21104127859950478,NaN,0.5
1614513690,216.4996,216.6,216.2,216.3856,NaN,NaN,NaN,0.5259830527557495,0.22767291412978466,0.8242931913817144,NaN,0.19289495362042047,NaN,0.5
1614513720,216.3854,216.5263,216.2043,216.4813,NaN,NaN,NaN,0.40675845136086214,0.44746747773260614,0.36604942498911813,0.40675845136086214,0.17628113611866053,NaN,0.5
1614513750,216.4689,216.5994,216.3856,216.4968,NaN,NaN,NaN,0.42400844977417873,0.4386732275133749,0.40934367203498256,NaN,0.16103852850625172,NaN,0.5
1614513780,216.5065,217.0603,216.4745,217.0603,NaN,NaN,NaN,0.48602321247176505,0.9720464249435301,0,NaN,0.2470324923652835,NaN,0.5
1614513810,217.0033,217.0997,216.8621,217.0692,NaN,NaN,NaN,0.5481872356795299,0.861628229711986,0.2347462416470738,NaN,0.3114323697366445,NaN,0.5
1614513840,217.04,217.04,216.5,216.5439,NaN,NaN,NaN,0.480906758415214,0.518500067264781,0.44331344956564694,NaN,0.27954639348299337,NaN,0.5
1614513870,216.5438,217.0496,216.2941,216.6755,NaN,NaN,NaN,0.5071517653997071,0.5886814947549712,0.4256220360444429,NaN,0.25094533272775543,0.5,NaN
1614513900,216.717,216.8202,216.6755,216.8114,NaN,NaN,NaN,0.5235000739939186,0.680732277888782,0.3662678700990553,NaN,0.3150502457708866,0.5,NaN
1614513930,216.8499,217.1427,216.8107,216.9571,NaN,NaN,NaN,0.6115601017203716,0.6510285877699906,0.5720916156707524,NaN,0.3738097534188586,NaN,NaN
1614513960,216.929,216.9627,216.6458,216.875,NaN,NaN,NaN,0.6040187143343076,0.5911684204098856,0.6168690082587298,0.6040187143343076,0.4276424084526895,0.5,NaN
1614513990,216.8748,217.2,216.85,217.024,NaN,NaN,NaN,0.5520099212965303,0.8193929344380625,0.28462690815499797,0.5520099212965303,0.47701582120414204,NaN,0.5
1614514020,217.0803,217.0803,216.637,216.8924,NaN,NaN,NaN,0.5551121140620711,0.6957901556455933,0.41443407247854874,NaN,0.5312945451316268,0.5,NaN
1614514050,216.8803,217,216.8679,216.9641,NaN,NaN,NaN,0.5802160239506934,0.7143591440339128,0.44607290386747406,NaN,0.572017983772403,0.5,NaN
1614514080,216.9502,216.9918,216.7652,216.8474,NaN,NaN,NaN,0.5866597482912546,0.5980288787826563,0.5752906177998527,NaN,0.6093326626353558,0.5,NaN
1614514110,216.8474,216.9004,216.8193,216.8431,NaN,NaN,NaN,0.5756266098322895,0.6142585641564563,0.5369946555081228,NaN,0.6435474504700693,NaN,0.5
1614514140,216.8431,216.8431,216.2,216.311,NaN,NaN,NaN,0.5384210369493225,0.2050524999880125,0.8717895739106326,0.5384210369493225,0.5784879143271656,NaN,0.5
1614514170,216.2811,216.593,216.2532,216.3405,NaN,NaN,NaN,0.5246389025767275,0.25658187875575167,0.7926959263977035,NaN,0.5297395821723373,NaN,NaN
1614514200,216.3257,216.586,216.25,216.5568,NaN,NaN,NaN,0.5567909943110203,0.39192886406244554,0.7216531245595951,NaN,0.4850586158440097,0.5,NaN
1614514230,216.5569,216.6271,216.4044,216.4713,NaN,NaN,NaN,0.5327169755087343,0.3591159182410264,0.7063180327764422,NaN,0.4440730445671592,0.5,NaN
1614514260,216.4916,216.6,216.3112,216.4559,NaN,NaN,NaN,0.5305319845879686,0.34928996808982726,0.71177400108611,NaN,0.40650994455399403,NaN,0.5
1614514290,216.4644,216.53,216.3111,216.4361,NaN,NaN,NaN,0.4665126879456495,0.47335366072345025,0.4596717151678487,0.4665126879456495,0.3720764840773786,NaN,0.5
1614514320,216.4361,216.4361,216.17,216.3441,NaN,NaN,NaN,0.45956164263315347,0.39960757354758986,0.5195157117187171,0.45956164263315347,0.3405045232182979,NaN,0.5
1614514350,216.3999,216.4361,216.17,216.2295,NaN,NaN,NaN,0.47340302267329215,0.2644781174415053,0.682327927905079,NaN,0.3115614628255799,NaN,0.5
1614514380,216.2629,216.4361,216.1,216.2915,NaN,NaN,NaN,0.46987591278545515,0.32996731948720803,0.6097845060837023,NaN,0.27974045725416113,NaN,0.5
1614514410,216.3486,216.5923,216.2933,216.4416,NaN,NaN,NaN,0.4853415124736853,0.44235362940210093,0.5283293955452697,NaN,0.2559018172523447,NaN,0.5
1614514440,216.4361,216.4619,216.1351,216.1677,NaN,NaN,NaN,0.4511039098950441,0.24884217508835776,0.6533656447017305,NaN,0.2295976470812631,NaN,0.5
1614514470,216.1353,216.2244,215.843,215.9396,NaN,NaN,NaN,0.4131043097245887,0.10593215590716029,0.7202764635420171,NaN,0.20593874191398867,NaN,0.5
1614514500,215.8797,215.9837,215.0444,215.2606,NaN,NaN,NaN,0.4986501397446273,0,0.9973002794892546,NaN,0.18457401822430566,NaN,0.5
1614514530,215.2604,215.588,214.8365,214.9428,NaN,NaN,NaN,0.5,0,1,NaN,0.16541639697010718,NaN,0.5
1614514560,214.8602,215.109,214.48,214.7742,NaN,NaN,NaN,0.5,0,1,NaN,0.14820303592693487,NaN,0.5
1614514590,214.8133,214.9301,214.1586,214.2288,NaN,NaN,NaN,0.5,0,1,NaN,0.1326435877574008,NaN,0.5
1614514620,214.3146,214.3146,213.6175,214.2624,NaN,NaN,NaN,0.4754684365189776,0.03776123614433909,0.913175636893616,NaN,0.11875177383857574,NaN,0.5
1614514650,214.257,214.3524,213.9953,214.147,NaN,NaN,NaN,0.4008170550655654,0.07580506511584262,0.7258290450152882,NaN,0.10835730269784725,NaN,0.5
1614514680,214.1358,214.1952,213.3107,213.672,NaN,NaN,NaN,0.38906515318993146,0,0.7781303063798629,NaN,0.09673873461386968,NaN,0.5
1614514710,213.7038,213.8796,213.4233,213.8539,NaN,NaN,NaN,0.3698690117770758,0.07827775003426639,0.6614602735198852,NaN,0.08824291798466836,NaN,0.5
1614514740,213.873,213.9783,213.5294,213.6738,NaN,NaN,NaN,0.2663639657315659,0.08299103216832349,0.4497368992948083,NaN,0.08032289983818536,NaN,0.5
1614514770,213.608,213.6872,213.3184,213.4565,NaN,NaN,NaN,0.26838455144746387,0.003744903674703617,0.5330241992202241,NaN,0.07305731132946516,NaN,0.5
1614514800,213.5323,214.0656,213.4892,213.7667,NaN,NaN,NaN,0.24217129001734372,0.12736784269743917,0.35697473733724827,NaN,0.06511554259815512,NaN,0.5
1614514830,213.7615,214.0778,213.7173,214,NaN,NaN,NaN,0.16478950231488992,0.26637166448675015,0.06320734014302969,0.16478950231488992,0.059232409254273255,NaN,0.5
1614514860,213.9733,213.9733,213.2557,213.3566,NaN,NaN,NaN,0.2109567078344234,0.01650693834144301,0.4054064773274038,0.2109567078344234,0.05249551502540613,NaN,0.5
1614514890,213.3359,213.3565,212,212.6722,NaN,NaN,NaN,0.30692724732481097,0,0.6138544946496219,NaN,0.04646722952356992,NaN,0.5
1614514920,212.6354,212.8133,212.5,212.606,NaN,NaN,NaN,0.27661094745587517,0.0017719614739279816,0.5514499334378223,NaN,0.042128222879104484,NaN,0.5
1614514950,212.5733,212.6103,212.0373,212.1362,NaN,NaN,NaN,0.4322739055489523,0,0.8645478110979046,NaN,0.03711794717757463,NaN,0.5
1614514980,212.1494,212.5242,211.8367,212,NaN,NaN,NaN,0.5,0,1,NaN,0.03275301311429742,NaN,0.5
1614515010,211.9877,212.3798,211.9429,212.0697,NaN,NaN,NaN,0.3837924191527564,0.0727358959873792,0.6948489423181337,NaN,0.029587531964895743,NaN,0.5
1614515040,212.0642,212.289,211.7977,212.1798,NaN,NaN,NaN,0.25662199900132443,0.15958737245209428,0.3536566255505546,NaN,0.02660942120001175,NaN,0.5
1614515070,212.1798,212.8907,212.0854,212.8726,NaN,NaN,NaN,0.19539238930249636,0.3642698278240123,0.026514950780980442,0.19539238930249636,0.02339590893530027,NaN,0.5
1614515100,212.7689,212.8292,212.3302,212.4,NaN,NaN,NaN,0.1528584870253786,0.2779931856867399,0.02772378836401729,NaN,0.02084210485027102,NaN,0.5
1614515130,212.4359,212.7187,212.2581,212.5093,NaN,NaN,NaN,0.16013553385643092,0.32027106771286185,0,NaN,0.018582875250558538,NaN,0.5
1614515160,212.6157,213.3,212.5,213.2138,NaN,NaN,NaN,0.2532496948489088,0.5064993896978176,0,NaN,0.016186522245286262,NaN,0.5
1614515190,213.2139,213.2139,212.5,212.7227,NaN,NaN,NaN,0.27726940603917294,0.3621790474832067,0.19235976459513918,NaN,0.013796541525647698,NaN,0.5
1614515220,212.8004,212.9196,212.6001,212.802,NaN,NaN,NaN,0.3544070318250601,0.3207170730411312,0.38809699060898906,0.3544070318250601,0.012135847290916893,NaN,0.5
1614515250,212.7865,213,212.7561,212.9693,NaN,NaN,NaN,0.29912036592563185,0.41431629316475144,0.1839244386865122,0.29912036592563185,0.010603251845300731,NaN,0.5
1614515280,212.9876,213.6122,212.9693,213.477,NaN,NaN,NaN,0.300568423175637,0.5446385874461506,0.05649825890512339,NaN,0.11166314262913991,NaN,0.5
1614515310,213.4824,213.5139,213,213.1212,NaN,NaN,NaN,0.3881889502598642,0.38127227986920736,0.39510562065052107,0.3881889502598642,0.1017273515963958,NaN,0.5
1614515340,213.1213,213.2979,212.5858,213.1586,NaN,NaN,NaN,0.3317027997999836,0.4368665007066349,0.22653909889333232,0.3317027997999836,0.09088829535313374,NaN,0.5
1614515370,213.1602,213.6636,213.108,213.6554,NaN,NaN,NaN,0.35259836031149444,0.6121152010325215,0.09308151959046736,NaN,0.16841080386948953,NaN,0.5
1614515400,213.6554,213.8821,213.1687,213.384,NaN,NaN,NaN,0.38994229823719656,0.546575509338495,0.23330908713589818,NaN,0.2535317067125518,NaN,0.5
1614515430,213.3497,213.4011,211.99,212.5842,NaN,NaN,NaN,0.4750699780440133,0.30060375413100765,0.649536201957019,0.4750699780440133,0.22737799188711058,NaN,0.5
1614515460,212.5995,212.7273,211.8791,212.293,NaN,NaN,NaN,0.4484786305326207,0.26792642914863735,0.629030831916604,NaN,0.20393470965218893,NaN,NaN
1614515490,212.262,212.5,211.9447,212.4421,NaN,NaN,NaN,0.46765956901464173,0.34175720207803895,0.5935619359512445,NaN,0.18644341540310783,NaN,0.5
1614515520,212.4401,212.8623,212.3299,212.5619,NaN,NaN,NaN,0.5167332300915345,0.3202658707869983,0.7132005893960707,NaN,0.170373745334687,NaN,0.5
1614515550,212.5979,212.777,212.2581,212.3167,NaN,NaN,NaN,0.4758374117337416,0.24678276709428643,0.7048920563731967,NaN,0.1555865271542683,NaN,0.5
1614515580,212.4006,212.4793,211.6153,211.6523,NaN,NaN,NaN,0.35988058675440615,0.05782012573314676,0.6619410477756655,NaN,0.13922828511654547,NaN,0.5
1614515610,211.6326,212.3057,211.4,211.7647,NaN,NaN,NaN,0.34540332994705003,0.15704861315314997,0.5337580467409501,NaN,0.12468181903010447,NaN,0.5
1614515640,211.7492,212.1361,211.4,211.7015,NaN,NaN,NaN,0.35238124000954374,0.10354768107082858,0.6012147989482589,NaN,0.11155258246977388,NaN,0.5
1614515670,211.7326,211.822,211.1111,211.3991,NaN,NaN,NaN,0.3675819566048512,0,0.7351639132097024,NaN,0.09968989024935065,NaN,0.5
1614515700,211.3843,211.965,211.0527,211.2712,NaN,NaN,NaN,0.3489874436412332,0,0.6979748872824664,NaN,0.08905060371243335,NaN,0.5
1614515730,211.2163,211.2633,210.3135,210.7503,NaN,NaN,NaN,0.32622529061308625,0,0.6524505812261725,NaN,0.07939839753393063,NaN,0.5
1614515760,210.6714,210.7858,209.6563,209.8649,NaN,NaN,NaN,0.48416551125066853,0,0.9683310225013371,NaN,0.07064661792628499,NaN,0.5
1614515790,209.8649,210.1746,209.5,210.1746,NaN,NaN,NaN,0.47312357809221267,0.0957909184955327,0.8504562376888927,NaN,0.06437465520131731,NaN,0.5
1614515820,210.1693,210.314,209.8053,210.0253,NaN,NaN,NaN,0.4417992533233163,0.08160064590211218,0.8019978607445205,NaN,0.05845221787212377,NaN,0.5
1614515850,210.0148,210.1053,209.5002,209.505,NaN,NaN,NaN,0.4630593422974352,0,0.9261186845948703,NaN,0.05295917246109117,NaN,0.5
1614515880,209.621,209.9204,209.317,209.7626,NaN,NaN,NaN,0.3988494623814204,0.11806160542021042,0.6796373193426304,NaN,0.04806415057810352,NaN,0.5
1614515910,209.7111,210.3696,209.7111,210.326,NaN,NaN,NaN,0.2861798855313218,0.3538708769650211,0.21848889409762245,0.2861798855313218,0.04362427299693212,NaN,0.5
1614515940,210.2852,210.7609,210.167,210.676,NaN,NaN,NaN,0.31702309841533327,0.42170524429610573,0.2123409525345608,NaN,0.03950675383583958,NaN,0.5
1614515970,210.7039,210.7444,209.8197,210.3889,NaN,NaN,NaN,0.3071163895212824,0.35644616411328767,0.2577866149292772,NaN,0.034815470723218694,NaN,0.5
1614516000,210.343,210.343,209.7053,209.8871,NaN,NaN,NaN,0.2589408067858515,0.2661947724191353,0.2516868411525677,NaN,0.03131053141955409,NaN,0.5
1614516030,209.9356,210.2402,209.8609,210.1122,NaN,NaN,NaN,0.283430513477994,0.3044590569108715,0.2624019700451164,NaN,0.028201524887249724,NaN,0.5
1614516060,210.0733,210.8401,209.9467,210.7464,NaN,NaN,NaN,0.33311292553303756,0.42716782175377455,0.23905802931230058,NaN,0.02482866184326239,NaN,0.5
1614516090,210.7612,210.8291,210.3681,210.6844,NaN,NaN,NaN,0.3764071410206955,0.37802127194233737,0.3747930100990536,NaN,0.022200832627591083,NaN,0.5
1614516120,210.6766,210.7306,210.1,210.3061,NaN,NaN,NaN,0.3341359334020722,0.3003476461879484,0.367924220616196,0.3341359334020722,0.019727554472583824,NaN,0.5
1614516150,210.2355,210.9997,210.2,210.7317,NaN,NaN,NaN,0.25332829078628244,0.4634561699618805,0.04320041161068442,0.25332829078628244,0.01716439687896007,NaN,0.5
1614516180,210.737,210.9998,210.6148,210.7791,NaN,NaN,NaN,0.2806671631740616,0.4558023364383449,0.10553198990977827,NaN,0.015191038982568563,NaN,0.5
1614516210,210.7844,211,210.5277,210.8745,NaN,NaN,NaN,0.3590149255818068,0.4238254643981751,0.2942043867654386,NaN,0.09895003521262673,NaN,0.5
1614516240,210.7894,211.1223,210.6784,210.741,NaN,NaN,NaN,0.3417796092159763,0.39280935776489523,0.29074986066705727,NaN,0.09012200257379714,NaN,0.5
1614516270,210.731,210.9875,210.6666,210.7742,NaN,NaN,NaN,0.2886845651080633,0.43664134796952436,0.14072778224660223,NaN,0.08205953100649648,NaN,0.5
1614516300,210.7436,210.7673,209.9001,210.3466,NaN,NaN,NaN,0.3657795907198895,0.28010300194912446,0.45145617949065464,0.3657795907198895,0.07309670867895156,NaN,0.5
1614516330,210.3479,210.8999,210.2238,210.8549,NaN,NaN,NaN,0.3690003146674308,0.45654957308551863,0.2814510562493429,0.3690003146674308,0.16790365973669572,NaN,0.5
1614516360,210.8649,211.2102,210.0853,210.7146,NaN,NaN,NaN,0.4697045471463587,0.5718758813168547,0.36753321297586256,NaN,0.15041484032378644,NaN,0.5
1614516390,210.73,210.7737,210.3578,210.6496,NaN,NaN,NaN,0.45724011806030446,0.5719546155837523,0.34252562053685665,NaN,0.13731424899456043,NaN,0.5
1614516420,210.6496,210.6496,210.1552,210.5022,NaN,NaN,NaN,0.45584762606626705,0.503254800362919,0.408440451769615,NaN,0.1252906883424263,NaN,0.5
1614516450,210.4683,210.6584,210.3074,210.381,NaN,NaN,NaN,0.40966074843706074,0.5227433999531962,0.2965780969209253,NaN,0.11427516058753309,NaN,0.5
1614516480,210.3511,210.73,210.3018,210.5576,NaN,NaN,NaN,0.4911349754444131,0.5646000750871665,0.41766987580165965,NaN,0.10422729407391193,NaN,0.5
1614516510,210.5595,210.8246,210.4001,210.7553,NaN,NaN,NaN,0.5210236632115071,0.747770977579118,0.2942763488438961,NaN,0.18057643508596555,NaN,0.5
1614516540,210.7665,210.9023,210.7311,210.9011,NaN,NaN,NaN,0.5261907190914827,0.835162025440056,0.21721941274290937,NaN,0.250550327372281,0.5,NaN
1614516570,210.9183,211.4218,210.9183,211.4024,NaN,NaN,NaN,0.5,1,0,NaN,0.31474359491566894,0.5,NaN
1614516600,211.423,211.5976,210.6122,210.7013,NaN,NaN,NaN,0.45045467701030895,0.6927095606669371,0.20819979335368072,NaN,0.282501076836009,0.5,NaN
1614516630,210.6697,211.1797,210.6185,210.9424,NaN,NaN,NaN,0.4812408905930743,0.7774109954697697,0.1850707857163789,NaN,0.34399222042530303,0.5,NaN
1614516660,210.9424,211.0045,210.7849,210.8775,NaN,NaN,NaN,0.4978855693059153,0.7165786387692913,0.2791924998425394,NaN,0.4003124224871822,0.5,NaN
1614516690,210.8775,210.962,210.6274,210.729,NaN,NaN,NaN,0.5047638304419142,0.6249906597027376,0.3845370011810909,NaN,0.3663763664739612,NaN,NaN
1614516720,210.7237,210.9609,210.622,210.7578,NaN,NaN,NaN,0.5708846791847478,0.5608635247600944,0.5809058336094013,0.5708846791847478,0.3352898271820936,NaN,NaN
1614516750,210.7626,210.9036,210.6863,210.84,NaN,NaN,NaN,0.4972018754092639,0.7075184724723205,0.28688527834620736,0.4972018754092639,0.39235457259211926,NaN,0.5
1614516780,210.8927,211.4995,210.8512,211.3872,NaN,NaN,NaN,0.5481071073735092,0.9245237983949414,0.171690416352077,NaN,0.4551939485457852,NaN,0.5
1614516810,211.4298,211.9103,211.1388,211.7652,NaN,NaN,NaN,0.5033261529871298,1,0.00665230597425955,NaN,0.5117158322174105,0.5,NaN
1614516840,211.7706,211.8311,211.4738,211.4974,NaN,NaN,NaN,0.4659412885193236,0.8462778652011049,0.0856047118375423,NaN,0.5540195068549574,0.5,NaN
1614516870,211.5367,211.8068,211.4922,211.7632,NaN,NaN,NaN,0.5,1,0,NaN,0.5928672164389546,NaN,NaN
1614516900,211.7633,211.7809,211.3824,211.4062,NaN,NaN,NaN,0.5015676720881704,0.7361915543252662,0.26694378985107464,NaN,0.6284230375527804,0.5,NaN
1614516930,211.4062,211.4234,210.8552,211.0001,NaN,NaN,NaN,0.5886222433826631,0.3327908418171643,0.8444536449481619,0.5886222433826631,0.5648822307086993,0.5,NaN
1614516960,211.0416,211.47,211.0053,211.2505,NaN,NaN,NaN,0.659379507904243,0.39720238076510916,0.9215566350433768,NaN,0.6028243183917488,0.5,NaN
1614516990,211.243,211.4999,211.0854,211.2787,NaN,NaN,NaN,0.6115505039287155,0.4804746269255432,0.7426263809318878,NaN,0.6375829742858072,0.5,NaN
1614517020,211.2787,211.4625,211.2787,211.3883,NaN,NaN,NaN,0.6662573944420775,0.4954350872074547,0.8370797016767003,NaN,0.6694510350813173,0.5,NaN
1614517050,211.3883,211.5306,211.0001,211.5291,NaN,NaN,NaN,0.6078127437432693,0.6798059972664755,0.5358194902200631,0.6078127437432693,0.7045114572298055,0.5,NaN
1614517080,211.551,211.5973,210.8552,211.2706,NaN,NaN,NaN,0.5193899164985251,0.5924219131857333,0.4463579198113168,NaN,0.7360310986173404,NaN,NaN
1614517110,211.2774,211.5758,211.1725,211.575,NaN,NaN,NaN,0.5814503896586496,0.7492881030466391,0.4136126762706601,NaN,0.7597028364973317,0.5,NaN
1614517140,211.5165,211.6494,211.3923,211.4894,NaN,NaN,NaN,0.5822104968714533,0.6818102131985296,0.48261078054437695,NaN,0.7813816793019606,0.5,NaN
1614517170,211.4894,211.5989,211.3001,211.5648,NaN,NaN,NaN,0.6063674792865957,0.7093955923489433,0.5033393662242481,NaN,0.8012619281191493,0.5,NaN
1614517200,211.5559,211.7,209.9999,211.2189,NaN,NaN,NaN,0.6142551450384127,0.43054597352260665,0.7979643165542187,0.6142551450384127,0.7204547298294322,0.5,NaN
1614517230,211.1722,211.4065,211.1232,211.3837,NaN,NaN,NaN,0.5752131800763163,0.6086692412162228,0.5417571189364099,0.5752131800763163,0.745418866607428,0.5,NaN
1614517260,211.3386,211.5239,211.2,211.4813,NaN,NaN,NaN,0.6144731693370984,0.5619569963590352,0.6669893423151617,0.6144731693370984,0.768297760537685,0.5,NaN
1614517290,211.4833,211.7346,211.4284,211.7346,NaN,NaN,NaN,0.623045681604792,0.784394280430263,0.46169708277932087,0.623045681604792,0.7892773438179921,0.5,NaN
1614517320,211.7391,211.7901,211.4001,211.4833,NaN,NaN,NaN,0.6129108895788882,0.5662170122839337,0.6596047668738427,0.6129108895788882,0.808484719794343,0.5,NaN
1614517350,211.475,211.6184,211.3,211.6006,NaN,NaN,NaN,0.5643873610090342,0.7498570062667131,0.37891771575135513,0.5643873610090342,0.8261078477951458,0.5,NaN
1614517380,211.6121,211.7559,211.2472,211.2472,NaN,NaN,NaN,0.5553319035626644,0.41777131835944153,0.6928924887658872,0.5553319035626644,0.7428184281352525,NaN,NaN
1614517410,211.3063,211.3063,209.7879,209.9856,NaN,NaN,NaN,0.5,0,1,NaN,0.6678168262111072,0.5,NaN
1614517440,209.9946,210.3283,209.0004,209.6941,NaN,NaN,NaN,0.5,0,1,NaN,0.6003751326594912,0.5,NaN
1614517470,209.6742,209.6941,207.8165,208.206,NaN,NaN,NaN,0.5,0,1,NaN,0.5395828001244893,NaN,NaN
1614517500,208.1648,208.6062,207.8237,208.3185,NaN,NaN,NaN,0.5096827370934167,0.019365474186833535,1,NaN,0.48501861903552584,NaN,NaN
1614517530,208.4325,209.3738,208.1935,209.06,NaN,NaN,NaN,0.4956723417110231,0.2447612230858924,0.7465834603361537,NaN,0.43596815184728394,NaN,NaN
1614517560,209.0771,209.6274,208.9561,209.3891,NaN,NaN,NaN,0.4087904119421235,0.44155973414092076,0.3760210897433262,0.4087904119421235,0.3991615432709294,NaN,0.5
1614517590,209.3891,209.3892,208.9057,208.9111,NaN,NaN,NaN,0.3803885245945484,0.341164636641552,0.4196124125475449,0.3803885245945484,0.365298304751189,NaN,0.5
1614517620,208.9402,209.0725,207.5138,208.8144,NaN,NaN,NaN,0.26994774528717735,0.446442770817858,0.09345271975649674,0.26994774528717735,0.32807344648277603,NaN,0.5
1614517650,208.7996,208.8854,208.0032,208.4062,NaN,NaN,NaN,0.2722864047630877,0.32880773719594675,0.21576507233022865,NaN,0.29456160240896906,NaN,0.5
1614517680,208.4853,208.8137,208.3157,208.6323,NaN,NaN,NaN,0.3299101854276846,0.32328803796716143,0.3365323328882078,0.3299101854276846,0.2695518654227317,NaN,0.5
1614517710,208.6209,209.5416,208.5109,209.493,NaN,NaN,NaN,0.3666506015753527,0.5213368824862061,0.2119643206644992,0.3666506015753527,0.24204465254871066,NaN,0.5
1614517740,209.493,209.8446,209.4553,209.6885,NaN,NaN,NaN,0.33437169821791723,0.6150530167068126,0.05369037972902193,NaN,0.22135210825293883,NaN,0.5
1614517770,209.6853,209.9752,209.6086,209.9278,NaN,NaN,NaN,0.34340323780002435,0.6868064756000487,0,NaN,0.2879479207450227,NaN,0.5
1614517800,209.8978,209.9774,209.4003,209.7565,NaN,NaN,NaN,0.338818172686326,0.677636345372652,0,NaN,0.2633652637358567,NaN,0.5
1614517830,209.7322,209.8105,208.7063,208.9236,NaN,NaN,NaN,0.3511308349616036,0.47169729572121083,0.23056437420199632,NaN,0.236224525458404,NaN,NaN
1614517860,208.9689,209.5841,208.8164,209.2437,NaN,NaN,NaN,0.41447198468106783,0.4811290605014075,0.34781490886072813,NaN,0.21606090235738123,NaN,0.5
1614517890,209.2567,209.5708,209.2567,209.4896,NaN,NaN,NaN,0.4346965547132915,0.5324966093098824,0.33689650011670064,NaN,0.19753666271678058,NaN,0.5
1614517920,209.4896,209.5814,209.2325,209.4138,NaN,NaN,NaN,0.44672176981777123,0.4883282079185235,0.40511533171701897,NaN,0.1805058698223247,NaN,0.5
1614517950,209.4137,209.5862,209.2,209.2,NaN,NaN,NaN,0.4290528921169628,0.4437972535885941,0.41430853064533146,NaN,0.16487461073577045,NaN,0.5
1614517980,209.217,209.2419,208.8531,209.1762,NaN,NaN,NaN,0.3774304158769415,0.515892704152462,0.238968127601421,NaN,0.15057763764458296,NaN,0.5
1614518010,209.1763,209.5365,209.1763,209.5365,NaN,NaN,NaN,0.409110546976632,0.5879823461005705,0.23023874785269352,NaN,0.13753200535450047,NaN,0.5
1614518040,209.5173,209.6767,209.2639,209.4678,NaN,NaN,NaN,0.4218230842179548,0.5451367074450133,0.2985094609908963,NaN,0.12550055956406772,NaN,0.5
1614518070,209.4897,209.6051,209.3592,209.4677,NaN,NaN,NaN,0.41719104763526593,0.5522907734359938,0.2820913218345381,NaN,0.11448386067182797,NaN,0.5
1614518100,209.4677,209.4677,208.5474,208.7758,NaN,NaN,NaN,0.3808012229884823,0.3759185621408927,0.38568388383607194,0.3808012229884823,0.1022306346171046,NaN,0.5
1614518130,208.8167,209.2609,208.6906,209.1305,NaN,NaN,NaN,0.39132348223967706,0.4789552034319195,0.30369176104743456,0.39132348223967706,0.09324987259513902,NaN,0.5
1614518160,209.1171,209.8696,209.1171,209.8313,NaN,NaN,NaN,0.4369201499637879,0.6440358328976208,0.229804467029955,NaN,0.1860669336596025,NaN,0.5
1614518190,209.8258,210.1402,209.5896,210.1402,NaN,NaN,NaN,0.44307875919161016,0.7384310053124996,0.1477265130707207,NaN,0.25559641452072046,NaN,0.5
1614518220,210.1402,210.3812,209.7676,209.8065,NaN,NaN,NaN,0.4318797029132457,0.643511545367352,0.22024786045913933,NaN,0.3319915322908918,NaN,0.5
1614518250,209.803,209.8507,209.2,209.2,NaN,NaN,NaN,0.37257096222775765,0.5434485541808832,0.20169337027463205,NaN,0.29802952413992223,NaN,0.5
1614518280,209.2,209.8132,209.1098,209.8037,NaN,NaN,NaN,0.4153966024270865,0.6832411189891433,0.14755208586502966,NaN,0.37032489010303254,NaN,0.5
1614518310,209.8029,210.1005,209.755,210.0553,NaN,NaN,NaN,0.5126029341940398,0.7800281450155395,0.24517772337253999,NaN,0.42448393180571964,0.5,NaN
1614518340,210.05,210.0694,209.4652,209.5508,NaN,NaN,NaN,0.5533236922699486,0.6852231085238706,0.42142427601602656,NaN,0.3813055650028305,0.5,NaN
1614518370,209.5508,209.7326,209.4651,209.5814,NaN,NaN,NaN,0.5410875550222631,0.7396024116983011,0.34257269834622506,NaN,0.3489757658679865,0.5,NaN
1614518400,209.5382,209.839,209.2,209.667,NaN,NaN,NaN,0.5212798227874686,0.8501677606944271,0.19239188488051023,NaN,0.41608450183437445,0.5,NaN
1614518430,209.6119,209.7981,209.3945,209.7847,NaN,NaN,NaN,0.5553216317406287,0.8127409724922322,0.2979022909890252,NaN,0.46641646846369317,0.5,NaN
1614518460,209.7635,209.9,209.4277,209.4748,NaN,NaN,NaN,0.5151830416641354,0.4824638510903838,0.5479022322378869,0.5151830416641354,0.4269575430098324,0.5,NaN
1614518490,209.5388,209.6494,208.8,208.9011,NaN,NaN,NaN,0.5071409153416022,0.07646908407816706,0.9378127466050374,NaN,0.38352307715309747,NaN,0.5
1614518520,208.8942,209.0344,208.5624,208.5629,NaN,NaN,NaN,0.5,0,1,NaN,0.3509941678443201,NaN,0.5
1614518550,208.5576,208.7797,208.21,208.2352,NaN,NaN,NaN,0.5,0,1,NaN,0.31517384020210343,NaN,0.5
1614518580,208.3237,208.5072,208.1081,208.4104,NaN,NaN,NaN,0.5241030770643197,0.06873810247920718,0.9794680516494323,NaN,0.28842294287695563,NaN,0.5
1614518610,208.2831,208.6945,208.2701,208.5614,NaN,NaN,NaN,0.5058364587398352,0.19699739817724568,0.8146755193024247,NaN,0.2638609420940788,NaN,0.5
1614518640,208.5313,208.6992,208,208.2058,NaN,NaN,NaN,0.42512403774438,0.11368113206827525,0.7365669434204848,NaN,0.2367412880968598,NaN,0.5
1614518670,208.1416,208.6358,208,208.5421,NaN,NaN,NaN,0.41760246390580896,0.34071195758556694,0.494492970226051,NaN,0.21247108237607226,NaN,0.5
1614518700,208.5073,208.668,208.235,208.2463,NaN,NaN,NaN,0.3646637888192374,0.24630274731694898,0.48302483032152577,NaN,0.1941884620781489,NaN,0.5
1614518730,208.235,208.3262,207.8366,208.1842,NaN,NaN,NaN,0.37710308357037703,0.18591338429501997,0.568292782845734,NaN,0.1774490437276613,NaN,0.5
1614518760,208.1691,208.8326,208.1691,208.6209,NaN,NaN,NaN,0.33729611212718025,0.3820069099059723,0.2925853143483882,0.33729611212718025,0.15910068705919966,NaN,0.5
1614518790,208.5574,208.7748,208.3763,208.7068,NaN,NaN,NaN,0.2840282452731689,0.4858740726417268,0.08218241790461105,NaN,0.14531002600365145,NaN,0.5
1614518820,208.7505,208.7636,208.4555,208.556,NaN,NaN,NaN,0.33331008597886935,0.35232890900166125,0.31429126295607746,NaN,0.1326201910780593,NaN,0.5